"treeId","inc_id","location","project","division","region"
"570e6d0b1e104c0323554012",233295,"[-121.954607565,40.928889751]","133811","North Valley","North"
"570e6d0b1e104c0323554011",233294,"[-121.954607565,40.928889751]","133811","North Valley","North"
"57741e6ce21c7dbd5479a2e5",236596,"[-122.299477858,37.442235057]","133180","Peninsula","South"
"57741e6ce21c7dbd5479a2e6",236597,"[-122.299477858,37.442235057]","133180","Peninsula","South"
"577555c5e21c7dbd547aa60a",236663,"[-121.995926413,37.021512001]","136243","Central Coast","South"
"577555c8e21c7dbd547aa64f",236666,"[-121.995886593,37.021479833]","136243","Central Coast","South"
"577555f5e21c7dbd547aa799",236669,"[-121.994528695,37.021314285]","136243","Central Coast","South"
"577555f7e21c7dbd547aa7cb",236671,"[-121.994513924,37.0213015]","136243","Central Coast","South"
"577555f8e21c7dbd547aa82f",236675,"[-121.994486786,37.021279462]","136243","Central Coast","South"
"577555f9e21c7dbd547aa89c",236679,"[-121.994486354,37.02132092]","136243","Central Coast","South"
"577e745e10fc438a1845571c",236871,"[-122.294584623,37.404977971]","133180","Peninsula","South"
"577e745e10fc438a1845571d",236872,"[-122.294584623,37.404977971]","133180","Peninsula","South"
"577eb13010fc438a1845d7b1",236927,"[-120.824217511,39.214293651]","133672","Sierra","North"
"577eb13010fc438a1845d7b2",236928,"[-120.824217511,39.214293651]","133672","Sierra","North"
"577eb18510fc438a1845d82f",236929,"[-120.824325491,39.214261483]","133672","Sierra","North"
"577eb18510fc438a1845d830",236930,"[-120.824325491,39.214261483]","133672","Sierra","North"
"577eb1ae10fc438a1845d892",236931,"[-120.824290035,39.214276249]","133672","Sierra","North"
"577eb1ae10fc438a1845d893",236932,"[-120.824290035,39.214276249]","133672","Sierra","North"
"577eb1e010fc438a1845d90a",236933,"[-120.824314786,39.214271001]","133672","Sierra","North"
"577eb1e010fc438a1845d90b",236934,"[-120.824314786,39.214271001]","133672","Sierra","North"
"577eb1e010fc438a1845d922",236935,"[-120.824314786,39.214271001]","133672","Sierra","North"
"5783fa4c2e1ca1c1700b88ff",237023,"[-121.93890391,37.024238052]","136243","Central Coast","South"
"5783fa4d2e1ca1c1700b8903",237024,"[-121.93890391,37.024238052]","136243","Central Coast","South"
"5785696a2e1ca1c1700cfaff",237144,"[-123.387207423,40.380274878]","133730","North Valley","North"
"5785696a2e1ca1c1700cfb00",237145,"[-123.387207423,40.380274878]","133730","North Valley","North"
"5785696a2e1ca1c1700cfb16",237146,"[-123.387207423,40.380274878]","133730","North Valley","North"
"5787e07c2e1ca1c1700eaef4",237226,"[-122.204100376,37.940422991]","135077","East Bay","South"
"5787e07c2e1ca1c1700eaef5",237227,"[-122.204100376,37.940422991]","135077","East Bay","South"
"578818ff2e1ca1c1700f04b9",237257,"[-122.203248533,37.956235854]","135077","East Bay","South"
"578818ff2e1ca1c1700f04ba",237258,"[-122.203248533,37.956235854]","135077","East Bay","South"
"578819282e1ca1c1700f05c4",237259,"[-122.203157428,37.956379806]","135077","East Bay","South"
"578819282e1ca1c1700f05c5",237260,"[-122.203157428,37.956379806]","135077","East Bay","South"
"5788193f2e1ca1c1700f0612",237261,"[-122.203244302,37.956462462]","135077","East Bay","South"
"5788193f2e1ca1c1700f0613",237262,"[-122.203244302,37.956462462]","135077","East Bay","South"
"578819402e1ca1c1700f0614",237263,"[-122.203244302,37.956462462]","135077","East Bay","South"
"578819592e1ca1c1700f067b",237264,"[-122.203261616,37.956481066]","135077","East Bay","South"
"578819592e1ca1c1700f067a",237265,"[-122.203261616,37.956481066]","135077","East Bay","South"
"578819592e1ca1c1700f067c",237266,"[-122.203261616,37.956481066]","135077","East Bay","South"
"578819702e1ca1c1700f06e5",237267,"[-122.202180153,37.955457395]","135077","East Bay","South"
"578819702e1ca1c1700f06e6",237268,"[-122.202180153,37.955457395]","135077","East Bay","South"
"57891d9aaa5426530f8f3429",237273,"[-122.202492025,37.948980667]","135077","East Bay","South"
"57891d9baa5426530f8f342a",237274,"[-122.202492025,37.948980667]","135077","East Bay","South"
"578e9e58c99693a9758c325e",237370,"[-121.864681691,36.998855173]","136243","Central Coast","South"
"578e9e75c99693a9758c329d",237373,"[-121.864486928,36.998810628]","136243","Central Coast","South"
"579680b1c99693a975926bcc",237586,"[-121.173294479,40.070845218]","135390","North Valley","North"
"579680b1c99693a975926bcb",237587,"[-121.173294479,40.070845218]","135390","North Valley","North"
